baseMean	log2FoldChange	lfcSE	stat	pvalue	padj
1.78940832846972	-3.85257270421678	0.740889511281889	-5.19992879579446	1.99364886126807e-07	3.77033593572812e-06
78.9394009861973	-3.21482379477353	0.394772843521531	-8.14347756572115	3.84083702850419e-16	7.46587445076768e-14
1.25284460005201	-3.65873188707234	1.36667961552465	-2.67709552810429	0.00742634578387003	0.0252704836229687
2.3747367389872	-3.74127155675832	0.557344861136794	-6.71266897325903	1.91096308019464e-11	1.02946311077343e-09
3.61664451215247	-3.48291176128309	0.407895569274128	-8.53873398890092	1.35700370837338e-17	3.66454768064718e-15
2.36820895490697	-4.26524664731012	1.03196181350267	-4.1331438736411	3.57834570221215e-05	0.00030921039512011
0.746866160224963	-3.02894417352025	1.14975487317989	-2.63442603651947	0.0084279663682103	0.0280411692028596
1.38489964353103	-3.69363954606372	0.786382205237836	-4.69700296047086	2.64006626495745e-06	3.51791162019595e-05
4.07321152937236	-3.86150802972294	0.565167492669332	-6.83250201012929	8.34462364618203e-12	5.02676929229272e-10
1.94229564345364	-4.17533403938771	0.668093991077316	-6.24962070479768	4.11450656616668e-10	1.6028723410139e-08
2.61669797488773	-3.32463377984747	1.15128619083957	-2.88775615159859	0.00388000540175196	0.0150684864778647
1.70923828096769	-3.33172531163718	0.578781331374501	-5.75644916487707	8.59016342409306e-09	2.45405350547386e-07
21.7609387207182	3.83768932141385	0.507781171969368	7.55776214885998	4.10063000163138e-14	4.62978315453651e-12
31.4513555856563	-3.54435326823819	0.381451410759499	-9.29175556378492	1.51764133350254e-20	6.81312555790247e-18
122.225450590873	-3.46796516391424	0.475293589138989	-7.2964694731031	2.95416834520678e-13	2.69086203617748e-11
2.02569887336206	-4.14744816198854	0.670173275550462	-6.18862063483796	6.06929513615931e-10	2.25713135684978e-08
21.7319561190903	-3.01577846214433	0.382909752787625	-7.87595103073018	3.3816067304444e-15	5.02048778760072e-13
3.2205145038765	-3.19679597607469	0.523276386007646	-6.10919212400305	1.00136725469752e-09	3.51597385238766e-08
0.867791502303135	-3.11148709659235	0.910106105855421	-3.41881795603143	0.00062893789001888	0.00342536797120335
1.3124989881478	-3.24854922435033	0.931753507335843	-3.48648993405872	0.00048940380119774	0.00276858946042108
1.01691584968121	-3.35269235333908	1.042701240026	-3.21539116348943	0.00130266881494449	0.00623691385293504
2.64829115662436	-3.79068508093995	0.885603815374548	-4.28033960009167	1.8660834136446e-05	0.00018043591161163
2.63428894376099	-3.17200270439784	0.587700161558364	-5.3973146714591	6.76456886439833e-08	1.47111817691154e-06
8.86450393768815	-3.05006766212632	0.387061279001109	-7.88006403016506	3.27213358085064e-15	4.89651417991578e-13
6.65168955299029	-3.82635005502329	0.507157059330553	-7.54470431718739	4.53314816685453e-14	5.03261478189629e-12
2.11592023600993	-3.11568832464454	1.24320837910387	-2.50616741088119	0.012204781818432	0.0377247805223829
1.02981190605464	-3.12693398537235	0.969017146000657	-3.22691295843204	0.00125133519277867	0.00603579561520642
2.42069660887753	-4.08203219552002	1.08460715941486	-3.76360432446552	0.00016748181005485	0.00113715143269147
36.4133019049512	-3.41630755785688	0.456148218533329	-7.48946815761216	6.91532584933222e-14	7.28427200498094e-12
96.0832669144089	3.43454204510403	0.368701188329959	9.31524539061259	1.21670958308182e-20	5.59538029000187e-18
3.12800670573975	-4.78302131642844	1.2000036881118	-3.98583884684097	6.72421404582622e-05	0.00052534002995892
1.05590045309388	-3.15756887867015	0.687917051345106	-4.59004304733551	4.43154605951202e-06	5.42576629559085e-05
1.10476870733386	-3.23644321446555	1.36969018993219	-2.36290165342119	0.0181324807609195	0.0517855081410387
12.7586001369041	3.2057690073524	0.313587667080853	10.2228797362935	1.5661769275648e-24	1.18121063876937e-21
1.75694357545547	-3.16029194994673	0.833594772292588	-3.7911609513279	0.00014994473968148	0.00103560735043752
0.89931904352266	-3.17165499051954	1.2977697548386	-2.4439273443493	0.0145283520246265	0.0433917436122814
1.15683824361613	-3.41749171938933	0.885016616486869	-3.86150006194832	0.00011269298373691	0.00081348629722796
14.937855897732	3.29281301081931	0.716374262639481	4.59649820289039	4.29650677882333e-06	5.28233334232536e-05
2.95896515097014	-3.333521874264	0.644252396593075	-5.17424830996715	2.28830339590274e-07	4.27187728017289e-06
33.3756062526794	-3.77398760280473	0.431705856260761	-8.74203476295942	2.28949012668239e-18	6.96263489332203e-16
1.37867620162736	-3.21321714404883	0.629656017415194	-5.1031310035588	3.3407956619272e-07	5.88698151454554e-06
2.05177057983721	-3.83446224371922	0.968035106262963	-3.96107767054225	7.4612255862845e-05	0.00057467895600242
2.40885053981969	-3.08483180200433	0.726752299903734	-4.24468116910391	2.18904446317319e-05	0.00020585752295825
2.60596357537987	-3.88241809764008	1.00714122569756	-3.85488946195314	0.00011578193062423	0.00083227918487229
2.58137012790609	-3.32654193464356	0.940902259826081	-3.53548086414251	0.00040703372429078	0.00237090542832953
1.4934922344075	-3.92134550321458	0.792616554338054	-4.94734242144292	7.52335636170909e-07	1.20297121969306e-05
4.93246234412962	-5.34527431515003	1.13234657322256	-4.72052853918907	2.35232599455476e-06	3.17943416683369e-05
2.50293161793707	-3.82070047365951	0.690135577798668	-5.53615926575825	3.09176442651493e-08	7.38849407629138e-07
6.37531976080176	-5.5193374835373	0.858675415858958	-6.42773437040368	1.29519810211313e-10	5.66611605924435e-09
1.17902037087314	-3.33133412436687	0.949804204228069	-3.50739037533987	0.00045252476234467	0.00258791458720316
1.22982032972912	-3.39474309976557	0.816778222578456	-4.1562605440787	3.23498890659985e-05	0.00028529333879298
1.7090660068576	-3.66191024276338	0.780743312168421	-4.69028704529388	2.72822042760455e-06	3.62002787913327e-05
1.88565219096324	-3.26959057753152	0.568110641938576	-5.7552003714886	8.65390869420158e-09	2.46107765353199e-07
1.40027171295448	-3.12763883295322	0.633097972134777	-4.94021300116784	7.80372767293727e-07	1.24063478307953e-05
2.01570953449739	-3.13735631387366	0.67856987864759	-4.62348302304031	3.77349638584036e-06	4.73066983743485e-05
1.55189238189458	-3.63812096129675	1.22161100092479	-2.97813375824432	0.00290009392385296	0.0119589148081165
2.99424831786394	-3.44071115298178	0.569075907591424	-6.04613744332344	1.4835954668163e-09	5.04931273047318e-08
2.59429745796075	-4.40230772203385	0.918164456325964	-4.79468323098641	1.6293208229187e-06	2.32910114602973e-05
0.900029107011677	-3.1801865599666	1.24109457271699	-2.56240469491746	0.0103950113068887	0.0331918608283464
1.84088596094675	-3.45424680033202	0.775553723052219	-4.45391040963314	8.43202961567946e-06	9.35761732805393e-05
1.91473379389019	-4.38426226268098	0.908132543752053	-4.82777794149619	1.38064919236055e-06	2.02269934125549e-05
0.961022489661876	-3.14339061999981	0.773948932025521	-4.06149616586868	4.8759219211493e-05	0.00040188115561438
1.23809816608083	-3.62766319535642	0.624242265836334	-5.81130659343648	6.19871190618384e-09	1.83768416652667e-07
1.73080896771825	-3.77309940474405	0.745703216987445	-5.0597869484685	4.19725191830787e-07	7.19447135633591e-06
1.50775579310916	-3.69987006554072	0.69854481658304	-5.29653928811438	1.18017955511231e-07	2.39787559392699e-06
1.6610898032671	-4.18061531856443	1.82097269867126	-2.29581438624257	0.0216864965201025	0.0599923732326114
2.56250261973882	-3.12546277890683	0.674319713169155	-4.63498651732698	3.56960745095982e-06	4.50803405812775e-05
2.18056097303611	-3.59283051347606	0.538733877322611	-6.66902651700993	2.57505729167376e-11	1.31579146976988e-09
8.2504208936899	-5.69834206346775	1.01308418847852	-5.62474681598345	1.85780251850283e-08	4.77232513438295e-07
1.65951774281711	-3.5108741370727	0.785942154990515	-4.46708974035763	7.92908741962607e-06	8.87257823721362e-05
1.98892544868626	-3.89570483402829	1.22924162333585	-3.16919372080513	0.00152862472982975	0.00708859303515493
0.903465891479779	-3.05491436820914	0.900148079556312	-3.39379090795253	0.00068932301736683	0.00369109770756177
1.77219940136912	-3.49924997376245	0.649039453192619	-5.39142875914503	6.98996706152656e-08	1.50740864275153e-06
54.4090843890281	-3.01995127390344	0.539503421181306	-5.59764990422285	2.17276958623026e-08	5.49163144080048e-07
3.59464973812323	-4.05255685947626	0.696020951795528	-5.82246389138411	5.79863306068863e-09	1.73544803744895e-07
117.506121902031	3.05020063524836	0.357231673953388	8.53843837947684	1.36047911771574e-17	3.66454768064718e-15
2.55358954898521	-4.80023433251277	2.10693835157722	-2.27829842715588	0.0227088033159549	0.0621209268831284
1.34193125731365	-3.06442263414314	0.993311212352461	-3.08505793152749	0.0020351250919582	0.00896129930146471
1.33998830655771	-3.41175580596902	0.612662937061205	-5.56873216835081	2.56599556053073e-08	6.29152747643782e-07
2.85868044612013	-4.12334435941307	0.923885227338843	-4.46304826335403	8.0801843747157e-06	9.0238031368237e-05
1.10152324888769	-3.11727611496903	0.567295151560151	-5.49498106302518	3.90752342838586e-08	9.12965975739967e-07
2.39500404767474	-3.74362936598365	1.22560790017904	-3.0545081876812	0.00225429861087294	0.00975104388804986
1.59309116047102	-4.0120051548853	1.67168869562923	-2.39997145723065	0.0163963502968058	0.0477088248219558
0.985005459053351	-3.06031599544355	1.16566895322775	-2.62537317046104	0.00865540479859409	0.0286613378077786
5.52714759934114	-3.24491323157284	0.400213644556697	-8.10795252912258	5.14798405233823e-16	9.33319608719591e-14
18.3632823392391	-3.05055331989377	0.359127735754501	-8.49434063755833	1.9905970949483e-17	5.00436109670003e-15
4.96539124378961	-4.44144094350781	0.741325310088673	-5.99121719313286	2.08276260501255e-09	6.91381847139288e-08
5.73614010655808	3.64769952590821	1.50335297022012	2.42637597301858	0.0152504620288423	0.045063071862376
2.59653311998495	-4.71982399529618	2.12629930737472	-2.21973641195585	0.0264366656092069	0.0701566967011395
85.360686987541	-3.01107281070215	0.299073694374899	-10.067996173972	7.65211867015352e-24	5.34372953799054e-21
6.89076663398196	-3.16963217862109	0.972131250787873	-3.26049818484102	0.0011121667907008	0.00547660089805788
0.97721104551242	-3.27839406151148	1.06611681274791	-3.07507959944975	0.00210446379837312	0.00921711147928575
1.91874173616329	-4.38866494674794	2.06314824263252	-2.12716898187991	0.0334060453619274	0.0842636769630958
2.54409863849329	-4.05864297915085	0.882995935376713	-4.59644582329737	4.29758650073036e-06	5.28233334232536e-05
1.33829007135303	-3.86928138749871	1.44500830129485	-2.67768799946097	0.00741322368247655	0.0252303849337717
21.4320586991141	-3.18322345516755	0.87449360407385	-3.64007631426739	0.00027255724832626	0.00170224144325661
0.974474806161407	-3.04581716846687	0.650321110407845	-4.68355881382461	2.81936507767699e-06	3.72262804899157e-05
1.09785062609969	-3.46811498043763	1.43560502837803	-2.41578631439871	0.0157012727719342	0.046084604314262
3.05981166261936	-4.22772344518982	0.917934160908341	-4.6056935510563	4.11093414679547e-06	5.09945153538346e-05
20.9944649941854	-3.53981147207034	0.53300303072913	-6.64125955762015	3.11013786343725e-11	1.56795854051095e-09
2.49503558470693	-3.16225242078245	0.469541054689098	-6.73477300696593	1.64186050952722e-11	9.13194097555625e-10
10.3217021913551	3.28808953873917	0.410699815018746	8.00606530243773	1.18436851187005e-15	2.04874021021191e-13
1.13671968494777	-3.27757279756143	0.724679368251969	-4.52279027270696	6.10297053255603e-06	7.09879761821986e-05
1.0303110025923	-3.12304278898116	0.759661952801072	-4.11109543852457	3.93786376051585e-05	0.00033430176138913
9.13130247522677	-3.04139933677935	0.315836685694823	-9.62965822063529	5.99284723571239e-22	3.4240949887684e-19
3.50163537116503	-4.22473635499395	0.733669160383334	-5.75836709939747	8.49314954536581e-09	2.43002025307849e-07
4.00206838199526	-5.24450304786497	0.703022414628818	-7.45993717801155	8.65637432381822e-14	8.68169882316982e-12
1.41094391550682	-3.14711872172047	0.582488597213766	-5.40288468611088	6.55776202613449e-08	1.43441534805993e-06
2.16816299921504	-3.5952981232271	0.705302562866965	-5.09752595909006	3.44121238146149e-07	6.04697664980954e-06
0.883833848729319	-3.25620954355337	0.870122068271087	-3.74224452210871	0.00018238391600024	0.00121901763069289
39.2584612535252	-3.0701171185015	0.385427543261467	-7.96548449164359	1.64577674754329e-15	2.69835831086338e-13
13.9162615996701	-6.07691023410365	0.800909524420857	-7.587511508866	3.26107657526054e-14	3.77224532678144e-12
29.5052066277195	-5.23267645322882	0.588156342645257	-8.89674406926337	5.75089099010301e-19	1.93630445747129e-16
1.96638675113021	-3.77254177693419	1.51184773943009	-2.49531859495077	0.0125844083092028	0.03861963194499
1.19582055102471	-3.35783708448123	0.941027884065935	-3.56826523564094	0.00035935263413306	0.00213876070599084
2.06263960541492	-3.39988439020414	0.519368129502355	-6.54619372478981	5.90220089383816e-11	2.82451771201316e-09
1.00532111777456	-3.0881696818773	0.901388551860798	-3.42601387104616	0.00061250910133963	0.00335235387685309
1.036090099173	-3.26156411985787	0.764313643591726	-4.26731113228708	1.97843143464379e-05	0.00018954941412707
3.72907231192758	-5.1393418540963	1.30419969050959	-3.94060962557673	8.12747975442754e-05	0.00061816712694526
2.00320992327509	-3.06365566559399	1.37252573258242	-2.23212985583134	0.0256063817088408	0.0683380505477982
3.32690686370856	-4.14756244178834	0.826480071313801	-5.01834537304116	5.2118417805467e-07	8.73500609120648e-06
6.94519871272512	-5.64684555117227	0.815181900778205	-6.92709878099792	4.29558654958695e-12	2.8122668191827e-10
1.48784451940527	-3.89606647493016	0.919749523946151	-4.23600814514611	2.27528526810389e-05	0.00021206378512159
1.05784916653451	-3.05288047606919	0.99286181324719	-3.07482918099612	0.00210623148155354	0.009222711236575
1.07942258580629	-3.44142731449974	0.617343287935971	-5.57457638521644	2.48132914108354e-08	6.111847771677e-07
4.63339098953028	-3.4778915299067	0.421748932159426	-8.24635527136799	1.63298701389986e-16	3.38351320297603e-14
1.97432555187861	-3.88063150441219	0.626914312977578	-6.19005089544188	6.01447920761486e-10	2.2456040685065e-08
1.88538029195347	-3.58776293042479	0.824384040502839	-4.35205287117932	1.34868726323967e-05	0.00013815113107515
1.08267913669913	-3.32221493912581	1.10125746665135	-3.01674680057139	0.0025550313195303	0.0108210052852075
1.86413599420957	-4.12788500346756	1.05052517393415	-3.92935372315629	8.51744703263758e-05	0.00064290017534179
1.29084220393563	-3.23365836955539	0.6546600076873	-4.93944693670665	7.8344458894306e-07	1.24446905851065e-05
1.31141996860199	-3.26372351576975	1.30177593436055	-2.50713154977238	0.0121715403413592	0.0376467180341746
1.62567294414331	-3.58948850379455	0.627951959238546	-5.71618330189965	1.08943219907993e-08	2.99739461119906e-07
7.4170255041258	-4.73425122616417	0.748127400942333	-6.32813504785542	2.48141927385782e-10	1.02828923974921e-08
1.51450107310336	-3.12952759049739	0.712291095094434	-4.39360763043441	1.11484954473193e-05	0.00011809263014562
1.69052421747029	-3.06540258970468	0.602010896284707	-5.09193871510088	3.54420672877769e-07	6.199074014017e-06
3.25661552340444	-3.14270662624138	0.7581861302341	-4.14503312698563	3.39764587725366e-05	0.00029768872219153
1.64799273194844	-3.39445030819339	0.65670793759966	-5.16888880710119	2.35489947178151e-07	4.37885892903752e-06
4.33143914124577	-3.1532887789932	0.460569871396004	-6.8464938217419	7.56819126535915e-12	4.64815134554875e-10
1.37975115253912	-3.21182909217488	0.734276708688372	-4.37413995864329	1.21912148435815e-05	0.00012777396102041
1.37054116793954	-3.55091190236384	0.924930876188494	-3.83911056899369	0.00012348081685293	0.00087723120847533
11.4796867965432	-3.47796893880103	0.529680395528943	-6.56616512175781	5.16275651340567e-11	2.50886015619237e-09
4.14777110219283	-5.29569237261826	1.15996054674868	-4.56540732136267	4.98525408274059e-06	5.99088373040624e-05
9.31586291896238	-3.17058647666043	0.649137841588637	-4.88430387743386	1.03794895802577e-06	1.58465810555271e-05
1.2882970057445	-3.00590947881769	1.26182311496332	-2.38219560505126	0.0172097533298111	0.0496086070988517
3.8479201009163	-4.06573653336925	0.74878246831738	-5.42979664375093	5.64183018878391e-08	1.25205935465896e-06
1.23507985226939	-3.05033007669411	0.923400403185972	-3.30336662857161	0.00095531399788054	0.00483945336647976
24.595522717064	-6.9635570240006	1.02446007379	-6.79729469420791	1.0660190222149e-11	6.20363847650061e-10
1.54335611179584	-3.8516989554844	1.06089906291017	-3.63059888555161	0.00028276434221694	0.00175206101626701
1.79605163003948	-3.43720144341403	0.665136783145231	-5.16766104433519	2.37041694483916e-07	4.39912358662528e-06
7.70454799557041	-3.46614589017897	0.602949013247697	-5.74865505046452	8.99561308437168e-09	2.53152663740042e-07
4.3470196860653	-3.23725124827553	0.470828021573757	-6.8756554409292	6.17054814281424e-12	3.90421762526049e-10
1.46339585456604	-3.43423022501109	1.2359601837499	-2.77859292731554	0.0054594894864153	0.0198225831439169
2.16169207370133	-3.80644521303253	1.01846024971452	-3.73745093546802	0.00018589535087696	0.00123591567023458
0.815751295769047	-3.0245312947329	1.33273928628587	-2.26940957309196	0.023243430573102	0.0633133319063621
1.34711685963411	-3.76437841682091	1.36345218367859	-2.76091707643507	0.00576393092243152	0.0206613911677654
2.59842869089248	-3.02057409485352	0.663491410313647	-4.552544385504	5.30009741679668e-06	6.30494238446065e-05
1.37915307296448	-3.68110405671795	1.61836026269706	-2.27458875601854	0.0229306112492449	0.0626331558893976
0.980480754358087	-3.1770749288647	0.958598352315931	-3.31429208196428	0.00091875480046732	0.00469206981657945
1.26508157933367	-3.31975019855391	1.30742323070797	-2.53915497337176	0.0111120588994405	0.0349545996911829
1.72981282466267	-3.78524173952425	0.530198707173524	-7.13928888982639	9.3814980520658e-13	7.19057503136994e-11
1.5388411438404	-3.85111553756211	0.826545316523799	-4.6592914636051	3.17299660497556e-06	4.0865335373507e-05
1.9509432687483	-3.648506826077	1.30299735909819	-2.80008765988763	0.00510887309595935	0.0187956687266953
1.89636552517106	-4.37206408773416	2.06498635600792	-2.11723630764628	0.0342397974042894	0.0859413445231465
2.01888924626611	-3.91841900080044	1.31574664098318	-2.97809538610901	0.00290045703619818	0.0119589148081165
37.1281954526101	-3.23899506773406	0.535783943078353	-6.04533806878269	1.4909703291999e-09	5.06526946974129e-08
1.20510061115099	-3.36957457978449	1.00835458812671	-3.34165641676148	0.00083280078378423	0.00432813086500876
1.39928198931867	-3.122420593053	0.812018274169431	-3.84525901987458	0.00012042516247877	0.00086073405554866
1.71439383397373	-3.24208161442033	0.588713336346163	-5.50706330952554	3.64869071394136e-08	8.5887719614687e-07
2.46190199480097	-3.45555783371413	0.592021337963543	-5.83688055163804	5.31871973762631e-09	1.6071227668741e-07
318.306427790588	-6.3532940659045	1.39604576240086	-4.55092106363217	5.34115849047835e-06	6.34578092866851e-05
1.37918282512307	-3.67684226788031	1.26657564207206	-2.90297882396124	0.00369631629589752	0.0145056263004704
5.32782753231874	-3.62914808181064	0.432139047443974	-8.39810265532912	4.53750442930202e-17	1.03077886764445e-14
0.840901963189319	-3.06841581098337	1.03879864701438	-2.95381190551445	0.00313875248336745	0.0127490689517219
11.1790717912957	3.76035046544228	0.399913995210434	9.40289789924353	5.30805847111237e-21	2.63377480191641e-18
23.2226331943619	-4.44618942973475	1.40105831883829	-3.17345064795117	0.00150638509300724	0.00701154260265381
15.212472489384	-4.55593269734696	1.27347487643796	-3.57755993592145	0.00034681670965373	0.00207792470941253
2.17902656994467	-4.57198807132	1.26241011138805	-3.62163454655239	0.00029274748308802	0.00180443079229311
3.24559519958448	-4.62479069144987	1.44828366216642	-3.19329066001605	0.00140661284451513	0.00664537338595158
2.4785744785633	-3.37705425585594	0.476709563398824	-7.08409168840323	1.39959224085897e-12	1.02682146698039e-10
1.06407392543599	-3.3006470846505	1.58063002845621	-2.08818447405698	0.0367811972882943	0.0908238299908362
1.0354731835926	-3.13528489185387	1.46043610168045	-2.1468141524619	0.0318080801816985	0.0811228664717877
2.38335718599916	-3.63486609861689	0.994853922669385	-3.65366815749577	0.0002585203438239	0.00163132566358757
13.1466514534491	4.85469520081694	0.652981461393436	7.43466007512253	1.04837203433664e-13	1.02953409934466e-11
1.82250533885136	-3.32667525025546	1.24722479483933	-2.66726195952832	0.00764720400118464	0.0258911889822834
1.28095619422507	-3.00146014241273	1.00291904431208	-2.99272424771979	0.00276499451673306	0.0114984498484786
4.14161210143314	-3.43775362624749	0.588191754392653	-5.84461376851022	5.07744935300119e-09	1.54893666177212e-07
1.24728982050418	-3.17003476637679	0.698497489505003	-4.53836243366209	5.66927610428566e-06	6.66907007205895e-05
1.58079163561484	-3.54766788620219	0.699316204245893	-5.07305259718358	3.91484234538194e-07	6.77817744923567e-06
12.6287708767933	-4.96285236007778	0.854551929595107	-5.80754918244607	6.33939329933284e-09	1.87644051269891e-07
2.30716858513456	-3.13534520204717	0.739068104604248	-4.24229537510087	2.21245236785863e-05	0.00020754124077599
5.03227552323029	-3.81239054269461	0.494706211923195	-7.70637289528617	1.29444036784195e-14	1.64909953619324e-12
1.01459491470075	-3.2206961097081	1.13581668478507	-2.83557738924882	0.00457429310832085	0.0172034460414889
0.899574205354156	-3.0447092655342	0.853469376972287	-3.56744992577873	0.00036047223623285	0.00214407066693074
38.816827108752	-3.22381612555014	0.30557563780538	-10.5499775725033	5.08092215288502e-26	4.79003935963235e-23
17.3048572872393	-7.87926724466908	1.34504645643152	-5.85798892446676	4.68505887888706e-09	1.43637049042952e-07
1.63214068224537	-3.00400711767336	0.686593803374362	-4.37523190991493	1.21303443928115e-05	0.00012749032526558
3.9929397529209	-3.8290106904931	0.500544813373176	-7.64968607843395	2.01470541433482e-14	2.48282814295967e-12
1.82233571835493	-3.9850508172751	1.32220633951471	-3.01394018329827	0.00257878644546285	0.01088981375794
1.58925438364235	-3.32564422832966	0.623525185065069	-5.33361652101127	9.62757344654119e-08	2.01250440503918e-06
2.27121557040865	-3.66031895730575	0.854248985522312	-4.28483851820758	1.82871965700533e-05	0.00017764661557467
1.62653371454097	-3.01890903249446	0.551147327910164	-5.47749917239286	4.31379023899577e-08	9.97994048543133e-07
7.74051024783418	-6.39851550293261	0.492405268871466	-12.994409092326	1.31620438407834e-38	3.10212920772464e-35
5.97409393526679	-3.30866251933369	0.777019708099897	-4.25814491555768	2.06130314478311e-05	0.00019602517808656
1.21340548307658	-3.49849894410306	1.62587259851057	-2.15176696335738	0.0314157130555967	0.0802981618419654
2.22258592668238	-4.59855900131626	1.04093629283655	-4.41771416076311	9.97502160112037e-06	0.00010796729752533
1.14307976672176	-3.52129625519972	1.03062906703806	-3.41664752898889	0.00063397303044195	0.00344781121689732
1.18359057217427	-3.33726970460159	1.47726029984991	-2.25909388138344	0.0238775456737706	0.0646762137162684
5.12528845666645	-4.09293983125718	0.786681651359102	-5.20279051149351	1.96318127402786e-07	3.7314297300197e-06
1.24402447462627	-3.06096256871592	0.722130656773378	-4.23879327100294	2.2472447574011e-05	0.000210177578873
3.14258351516257	-4.68556838343494	1.79492536977933	-2.6104530373934	0.00904223862905569	0.029671320805925
115.153428389014	-6.29902327351135	0.625246581128577	-10.0744625618609	7.16514355529074e-24	5.19610698980796e-21
4.66950293465916	-4.64966754905919	1.10761261790525	-4.19791854470996	2.69379482528082e-05	0.00024383822098257
0.956775365883071	-3.14369569956107	1.18852195447113	-2.64504638533156	0.00816797193943083	0.0273246174097762
12.4806070593173	-4.09075878169941	0.5926949291685	-6.90196352352532	5.12886069097621e-12	3.27812435011378e-10
1.47501731187905	-3.10938136835394	0.644418990457166	-4.82509270272757	1.3993816288904e-06	2.04537524129679e-05
0.921106550320872	-3.20214173292164	0.981655006813061	-3.26198278488629	0.00110635862116372	0.00545227177261945
1.23263719698846	-3.62531124804291	1.62369242381568	-2.232757383645	0.025564948013387	0.0682371311993787
5.39698786819189	-4.38065399071383	0.794331121692451	-5.5148965854191	3.48985104996083e-08	8.26647506872002e-07
0.95097687711276	-3.26102130645684	1.54517594266663	-2.11045306648319	0.0348193497168577	0.0870069358833311
2.33303439781337	-3.27758631890168	0.687552339243582	-4.76703536854743	1.86956500066867e-06	2.61115911760057e-05
1.25977999677551	-3.78781577223066	0.88377128170873	-4.28596838415828	1.81944864388098e-05	0.00017710327356323
83.7164444948203	-3.63649674153046	0.884806279167968	-4.10993550469607	3.95769640400857e-05	0.00033583422906202
1.39712663984884	-3.24151051961363	0.738874232847951	-4.38709373734607	1.1487529056638e-05	0.00012147917014184
0.849962552105459	-3.2139672266117	1.38988281673036	-2.31240158373382	0.0207555631734627	0.0579000064559311
1.51269305860643	-3.59909508247252	0.817215519774832	-4.4040953645425	1.06226210230638e-05	0.00011386555963039
3.62618065171866	-4.06944858534993	0.56178116866498	-7.24383231823272	4.36180644821259e-13	3.7213511575135e-11
1.24783826720528	-3.42394419204839	1.6361276157497	-2.09271218154917	0.0363748551790889	0.0901245590541027
10.6073315631287	-3.65468790964736	0.518431220272861	-7.04951354535288	1.79544356819542e-12	1.28750234780487e-10
3.52644900709607	-3.22785661145324	0.667740188879805	-4.834000806314	1.33816043290803e-06	1.97580383418017e-05
1.85574257534479	-3.47477039533611	0.804919351831313	-4.3169174494693	1.58223297552884e-05	0.00015769602193633
1.24338929881622	-3.06515383243914	1.07205797951114	-2.85913065432977	0.00424803781088002	0.0162172004300755
6.02933881440417	-3.57328141707147	0.553554699734799	-6.45515505293945	1.08108157991417e-10	4.80749839369853e-09
2.96773959740968	-3.42633350931791	0.513508307210083	-6.67240132478743	2.51651253264718e-11	1.29996832337158e-09
53.7388112688724	3.62179222632777	0.768344713696257	4.71375954277671	2.43187622571817e-06	3.27755727204547e-05
0.852995135073689	-3.08412973114219	0.752074875536883	-4.10082803117247	4.11674416129146e-05	0.00034760954393708
0.838881784712526	-3.07405896601687	1.40356547416886	-2.19017852931814	0.0285112917387406	0.0744055924891286
1.12856277421561	-3.50050522000016	1.42976162420114	-2.44831387326962	0.0143526563914622	0.0430032315685715
0.971324768200048	-3.05164351718805	1.06523398386799	-2.86476357626816	0.00417320689679339	0.015983306122088
2.57499439828098	-3.44062339562575	0.710632743185586	-4.84163364074994	1.28776023461535e-06	1.90586493121448e-05
3.2053343145851	-3.65065437641986	0.708898062037553	-5.14975928404565	2.6082098243185e-07	4.7589139781934e-06
2.24020463766178	-4.50510153682223	1.4521097522085	-3.10245250400011	0.00191924342719973	0.00854406708502808
0.902098343879405	-3.05942405362167	1.24051910425013	-2.46624501238217	0.0136537903313402	0.041316356395028
1.3334565654864	-3.16662198333413	1.30312839436151	-2.43001533619845	0.0150981839560712	0.0446971672934092
3.3911452877909	-5.10773729715199	1.50840202887241	-3.38619094868907	0.00070870052158504	0.0037800702502082
3.72946765482842	-4.10880114935628	0.614206793410802	-6.68960550979803	2.237729982438e-11	1.18240269905355e-09
2.33847656852712	-4.67390722296772	1.40965641109805	-3.31563577207228	0.00091434913464176	0.0046733675613094
2.22577381642106	-3.96009875932015	1.01437774562806	-3.90396849338234	9.46281051640798e-05	0.00070079062170806
0.974249733220729	-3.29170231037536	1.16519014378222	-2.82503446149181	0.0047275531135477	0.0176650840182208
5.70575046480593	-3.20480144084844	0.612562984055053	-5.23179089215162	1.67875595119584e-07	3.27331369801423e-06
2.28529456758638	-3.22803887526842	0.581271402763024	-5.55341078182103	2.80148681164815e-08	6.77205561969563e-07
1.44149078902107	-3.63835096719239	1.4924287133166	-2.43787253268999	0.0147739825595477	0.0439374512871092
1.00360833933113	-3.09229737485511	1.16871198577189	-2.64590199510342	0.00814734173197681	0.0272784031653681
34.0473932019024	-7.00250791717359	1.22319294052608	-5.72477790311796	1.03569141959701e-08	2.87175907595613e-07
2.13076893054122	-3.45968376774716	0.699320412432439	-4.94720832717206	7.52853905721459e-07	1.20297121969306e-05
6.18234693291678	3.47100455392446	0.679749103270235	5.1063025125383	3.28523609608337e-07	5.81079986788479e-06
1.89658573228708	-4.26468720862149	1.84195414381611	-2.31530585217829	0.0205961997183609	0.0575405757430279
1.63995291147718	-3.26685438985088	0.702354202886583	-4.65129186445321	3.29862088146003e-06	4.2195045264538e-05
1.8222163879286	-3.87864772433438	0.836656554851715	-4.63588996206671	3.55405006150603e-06	4.49139503416195e-05
7.2512679164241	-3.59442975537456	0.80327235824626	-4.47473353025875	7.65066664466223e-06	8.63135946235296e-05
8.48078825601822	-3.09799364350794	0.388857717885953	-7.96690794862026	1.62693758889583e-15	2.69835831086338e-13
1.07473504828255	-3.55421142371801	1.13279979959452	-3.13754595029961	0.00170368567440365	0.00774607991099128
2.39421463950563	-4.60061394247235	1.11125924704383	-4.14000059366067	3.47304922676444e-05	0.00030246809778588
234.372189833438	-4.04270314723192	0.809840310270235	-4.99197569689129	5.97647767163371e-07	9.82445392316073e-06
0.945666855199524	-3.24190718153372	1.16550606669221	-2.78154466474335	0.00541008856533702	0.0196811151648523
3.1960111157021	-3.38926869675337	0.584976303728929	-5.79385639238461	6.8788284257217e-09	2.0234057717158e-07
1.28967584229783	-3.470668710375	0.621007216122254	-5.58877356055031	2.28678912086387e-08	5.72608351578862e-07
2.76905472278961	-4.4930585071401	1.11944512869887	-4.01364782601035	5.97875298626919e-05	0.00047706046363142
185.324766114552	-3.11531213552408	0.665786506205203	-4.6791458019786	2.88072542858846e-06	3.78509254049028e-05
0.960158199471962	-3.39214628879451	1.02751694251256	-3.30130448311615	0.00096236382111793	0.00486993286290354
1.257832754674	-3.43102542467334	1.38833771787601	-2.47131903174279	0.0134615665286162	0.0408921921857676
1.49991844389707	-3.35997296823162	0.845521625774724	-3.97384628116754	7.07212151392048e-05	0.000549196256775
1.15134130836186	-3.65345318153105	1.00249018449878	-3.64437800790807	0.00026803923281098	0.00167902981217648
3.28402266173325	-5.06023710145452	1.1778924513829	-4.29600944934622	1.73900172922525e-05	0.00017059769825464
1.07476969869755	-3.55209084230421	1.03296104479686	-3.43874617556633	0.00058441490939142	0.00322102984991969
0.969277876101518	-3.03639247232002	0.957467728151765	-3.17127395842498	0.00151771934828857	0.00704668759221397
2.65500380896482	-4.22090197099339	1.52736869476413	-2.7635121666843	0.00571829604532283	0.0205485938506884
1.96148712977099	-4.42274122937367	1.30437535435613	-3.39069671517738	0.00069715202791833	0.00372585076145132
97.7346737905583	-4.33681387472297	1.48561450727611	-2.9192053883982	0.00350924927011209	0.0138918528213234
147.015916720954	-3.19058406413209	0.462221672180946	-6.90271412216057	5.1018236980928e-12	3.27193489209319e-10
1.80319172659255	-3.31000117264873	0.532628435407961	-6.21446575625177	5.14995631010042e-10	1.96962325003942e-08
7.56583249368164	-5.77133989721199	1.25767481368468	-4.5888967755531	4.45594691072109e-06	5.4485654346074e-05
8.10619266854756	-4.04097070849297	1.04159421746568	-3.87960171123562	0.00010462764451708	0.00076285933386297
7.61614223014038	-3.07039536104512	0.38804377071611	-7.91249748805116	2.52275962575289e-15	3.93112667302238e-13
0.738091260541138	-3.01333018057169	1.31738140192658	-2.28736353508932	0.0221746128504332	0.0610190200372035
53.1365236942321	3.21852164003642	0.387799030980853	8.29945766469779	1.0458772970236e-16	2.26666855579079e-14
6.79041470121923	4.61589750732429	0.731251057307874	6.31232934461369	2.74866492057899e-10	1.1242099149136e-08
1.18844809500114	-3.6957160413776	0.973249833583517	-3.79729429572048	0.00014628407963012	0.00101403908875954
0.910993928021849	-3.18880669015306	1.30806804896499	-2.43779877711731	0.0147769970893419	0.0439394859043592
4.58261492053643	-5.44022614549164	1.21077844541382	-4.49316401865107	7.0172695392204e-06	8.01396833204123e-05
0.961964417940858	-3.15032763352402	1.24243118020684	-2.53561539963892	0.0112249937691582	0.0352510422247631
1.31604334889778	-3.02104662858989	0.555130774688067	-5.44204494929585	5.26723797934384e-08	1.18654446954036e-06
1.80690519211941	-3.4240257896147	0.613063755887987	-5.58510555668912	2.33558310943185e-08	5.83277079845531e-07
2.96479353920502	-4.07897422938432	0.664707265945554	-6.13649712942723	8.43608878127631e-10	3.01826288369952e-08
1.79253956952046	-3.62015307879582	0.836574173683629	-4.32735457617039	1.50910918029604e-05	0.00015143296218457
1.14251341369698	-3.4108106679346	0.596018895237203	-5.72265526343284	1.04871927827363e-08	2.8993551307697e-07
1.18680270680462	-3.22703448742339	0.946705503735215	-3.40869940513831	0.00065273360856893	0.00353049116166586
1.26494870852511	-3.21013964889642	1.01274847378828	-3.16973042367428	0.00152580424592594	0.00707899583093838
1.51424135415271	-3.71050271256294	0.776026533895804	-4.78141216890548	1.74068053248167e-06	2.46215539684486e-05
0.961477472861488	-3.14383162772615	0.949103294057679	-3.31242304964026	0.00092491566443643	0.00471714494264239
1.68561315665576	-4.20172676031545	1.52224569099022	-2.76021590022188	0.00577631738743168	0.0206979217673934
3.87390045652807	-5.40207118520506	2.15664990266166	-2.50484382214193	0.0122505473812042	0.0378352286441614
8.95675181830094	-6.5121905476311	1.22315972170681	-5.32407209954879	1.01469656970808e-07	2.1004653130181e-06
4.28685180129358	-4.52042997327738	1.23104150482888	-3.67203701544224	0.00024062481898202	0.00153639721026279
39.5868141653555	3.2177541770749	0.308409692519826	10.4333756529654	1.745738791734e-25	1.4961774962793e-22
39.5868141653555	3.2177541770749	0.308409692519826	10.4333756529654	1.745738791734e-25	1.4961774962793e-22
1.19610113956271	-3.35549023196201	1.37067193465997	-2.44806225845313	0.0143626835339994	0.0430188084365822
35.0170222726255	-3.52497929387092	0.209713780035711	-16.8085249012758	2.11365765160143e-63	1.99265075104725e-59
1.74124896009693	3.02534654158599	0.617961576833245	4.8956871349339	9.79628174861009e-07	1.50414407467462e-05
0.921351561901357	-3.07255861538137	0.626858831757147	-4.9015160347485	9.5099885713139e-07	1.46495779830166e-05
6.954977729034	3.91088690054022	0.564678423356101	6.92586565871655	4.33317527546327e-12	2.81731102823655e-10
1.77762411271698	-3.72696575327784	0.751037797996247	-4.96242101691994	6.96198806562034e-07	1.1238723028876e-05
2.12424938240097	-4.1057956315044	0.977187797040631	-4.20164439623439	2.64983144772431e-05	0.00024089957544282
2.33295982356582	-3.81469318636654	0.892646499860292	-4.27346456515942	1.92458882076862e-05	0.00018495475135368
2.22577381642106	-3.96009875932015	1.01437774562806	-3.90396849338234	9.46281051640798e-05	0.00070079062170806
3.00644909813683	-3.21168422167101	0.622075085915562	-5.16285621203442	2.43209960108877e-07	4.4870095869402e-06
37.4334911699757	-6.08401756439797	1.68961424375787	-3.60083231239014	0.00031720011780226	0.0019280490719412
3.1073688900508	-4.66915755202312	1.08693418202828	-4.29571323565351	1.74132563127045e-05	0.00017073684231723
3.44180022680181	-5.23187033378784	1.51507903176937	-3.45319961802775	0.00055397889485401	0.0030830200892776
1.45452701102619	-3.41002033992065	0.910744451856326	-3.74421203771285	0.00018096078598839	0.00121251443490091
15.0898468129222	-3.97979973737328	0.290598529652709	-13.695181947856	1.08488257393828e-42	3.40924348860103e-39
4.93311951051782	-4.14057793823486	0.652806452441084	-6.34273439355831	2.25722403165354e-10	9.41592015859015e-09
1.94659685873338	-3.54154100972995	0.645178781177714	-5.48923974726075	4.03667407229629e-08	9.40809513388709e-07
7.96797905409154	-3.38916679623973	0.508078570593303	-6.67055646980362	2.5483529407007e-11	1.30924236231367e-09
1.7082963126574	-4.22030481815389	2.00982009763776	-2.09984208194267	0.0357427350373158	0.0888502662002097
1.0123070976463	-3.3462746436397	1.5761561286643	-2.12306038899552	0.0337487917541021	0.0849804311596681
0.808883486832651	-3.01485801293756	1.41034235648701	-2.13767813117887	0.0325428756052757	0.0826058049996599
0.906208612406051	-3.04647906100962	0.845363162351004	-3.60375185090534	0.00031365653034451	0.00190958794951431
1.25912234418375	-3.20616586279384	0.737764591413893	-4.34578441430668	1.38778822135461e-05	0.00014118102273105
17.6126554192012	-5.8677954249094	1.65109157460529	-3.55388853965424	0.00037958004755608	0.00223594111840838
0.929618169283744	-3.22361392253111	1.04024367568508	-3.0989026877843	0.00194238807377481	0.00861734756024096
1.93432890541282	-4.179700313671	1.25544816029673	-3.32924962244805	0.0008708031981336	0.00449827510953919
1.78530786416836	-3.17810797840985	0.790934195435435	-4.01816990180858	5.86519016946191e-05	0.00047018775784525
1.76206136678868	-3.93716498126295	0.864712166103318	-4.55315090454334	5.28483353288406e-06	6.29075355192733e-05
1.78530786416836	-3.17810797840985	0.790934195435435	-4.01816990180858	5.86519016946191e-05	0.00047018775784525
13.0035267019608	-3.73247473639658	0.460472201512196	-8.10575475379206	5.24190850971642e-16	9.41296999530505e-14
1.78530786416836	-3.17810797840985	0.790934195435435	-4.01816990180858	5.86519016946191e-05	0.00047018775784525
5.88509893565914	-4.14490354292529	0.811930684347551	-5.10499679693229	3.30800118394255e-07	5.84297879904532e-06
1.78530786416836	-3.17810797840985	0.790934195435435	-4.01816990180858	5.86519016946191e-05	0.00047018775784525
1.05859428347344	-3.04522753376693	1.00469959665858	-3.03098313555088	0.0024375886234498	0.0103969796809181
1.78530786416836	-3.17810797840985	0.790934195435435	-4.01816990180858	5.86519016946191e-05	0.00047018775784525
3.15783185169344	-4.26961482234939	0.783758581651042	-5.44761476595912	5.10497757666197e-08	1.15412892335685e-06
1.78530786416836	-3.17810797840985	0.790934195435435	-4.01816990180858	5.86519016946191e-05	0.00047018775784525
13.3457492737454	-4.63373891639601	0.270140703362512	-17.153057124375	5.9631191219508e-66	1.12434611044382e-61
16.1134220814654	-3.28974578674124	0.692389666882921	-4.75129243558962	2.02120568464543e-06	2.78784441726331e-05
2.74130319159295	-4.90263175437691	2.11804460971284	-2.31469711822623	0.0206295135970744	0.0575995081997392
4.09163610492728	-3.83865009714194	0.401304279943554	-9.56543522955169	1.11730366697577e-21	6.1961060708318e-19
1.78530786416836	-3.17810797840985	0.790934195435435	-4.01816990180858	5.86519016946191e-05	0.00047018775784525
1.40091731092588	-3.82121926011151	1.16859825360502	-3.26991696960302	0.00107579056388276	0.00532808801733898
3.71331702961453	-3.36024491859665	0.506120694973477	-6.6392165978764	3.15354704219394e-11	1.58560345281511e-09
2.08763451567461	-4.51041096952078	1.86763566518329	-2.41503792929448	0.0157335712009481	0.0461434880998409
1.10376505990104	-3.47263906582839	1.59493687302272	-2.17728934891764	0.0294589853789482	0.0762874837687224
1.55653094161439	-3.74503748997553	1.1004249675295	-3.40326473906104	0.00066585728701622	0.00358809349719662
3.36370687985546	-4.57718511859359	1.04040372000727	-4.39943171152982	1.08534723240912e-05	0.00011594045152923
1.12951846190567	-3.03380269532691	1.11938177986757	-2.71024841559046	0.00672328323658056	0.0234113025240252
5.27869478567585	-3.82583523981236	0.766862989755659	-4.98894234161876	6.07107622738984e-07	9.94964663610881e-06
9.19509708349946	-3.48714747634561	0.651659305754231	-5.35118189144799	8.7381635863868e-08	1.8574754726192e-06
1.11682755686691	-3.37698600127489	1.35860172758351	-2.48563352505183	0.0129321063035369	0.0395386515896202
6.36516212033854	-4.04332161744872	0.840774983243566	-4.80904129883869	1.51655874811778e-06	2.19452917849276e-05
1.12202394969538	-3.49054155872867	1.46893685722184	-2.37623662417338	0.0174902426457389	0.0502634545169039
1.2550366219483	-3.77411339062377	1.5536738609597	-2.42915420376095	0.0151340939641215	0.0447703052950661
1.48578617368658	-3.56631418827963	1.08085922114563	-3.2995177526446	0.00096851101603172	0.00489447204697888
3.17339839865337	-3.35705341814883	0.942139573067589	-3.56322302354664	0.00036632919184299	0.00217137281112846
1.53008138488402	-3.39309944425009	0.652245851150369	-5.20217865436118	1.96965741833851e-07	3.73996884418657e-06
1.23918273557413	-3.63352740981516	0.998743335849536	-3.6380992787546	0.00027465755723199	0.00171082531932913
17.6126554192012	-5.8677954249094	1.65109157460529	-3.55388853965424	0.00037958004755608	0.00223594111840838
12.2021666497956	-4.31442837730598	0.268033688886983	-16.0965899295039	2.6955707326429e-58	1.69416620546606e-54
81.1046586134976	-3.19451928611058	0.250085584059922	-12.773704242565	2.29945205522954e-37	4.81735205570589e-34
1.4183563957585	-3.83737298441001	1.63370445435099	-2.34887832630318	0.0188300589128903	0.0533895880906086
1.92243081531776	-3.42449704481231	1.00446248815953	-3.40928315908244	0.00065133835302666	0.00352395542218589
1.92392052250349	-3.41416726098372	1.18208548892128	-2.88825748474362	0.00387382620755838	0.0150475882042673
44.2561800690349	-4.53921553890357	0.954383435046579	-4.75617594796376	1.97294530177002e-06	2.72783197084266e-05
75.2693366793144	-6.30624155868133	0.916735197430635	-6.87902196441901	6.02648691286944e-12	3.83664882927799e-10
17.4236830253514	-4.97463078400134	0.935225558092136	-5.31917754060272	1.04237380859813e-07	2.14797356952107e-06
1.80989215180984	-3.29685218075173	0.666209701044443	-4.94867032945201	7.47221839262025e-07	1.1959989625879e-05
1.49228998351573	-3.46083169278901	1.67007076227012	-2.07226649970491	0.0382405947750311	0.0935547443211641
2.50911251997039	-3.37836624394662	0.866058652148994	-3.90085155960709	9.58549153217069e-05	0.00070904057606543
1.27908712218449	-3.0050018581387	0.977418455434142	-3.07442717234551	0.00210907207530923	0.00922871988395347
7.8766396450136	4.01792008735102	0.738936555656574	5.43743580770739	5.40528144988665e-08	1.21431538336599e-06
4.33393181659192	-3.17161171618921	0.540959856162017	-5.86293359860573	4.54760115312596e-09	1.40106241408807e-07
3.28429177003862	-3.63317036113466	0.779494511116418	-4.66093129498899	3.14781796752945e-06	4.05965169478576e-05
0.809930893848651	-3.01114659649526	1.22708641260398	-2.45389938766037	0.0141316514391954	0.0424625159977735
3.22595477588391	-3.01991522739142	0.770494927324421	-3.91944855221593	8.87518034662782e-05	0.00066431729033611
1.54878127402239	-3.06618639294365	1.10590677360514	-2.77255413035242	0.0055618268374739	0.0201051083244958
1.04721820165082	-3.5076632817379	1.55912544223462	-2.24976335240258	0.0244639715347039	0.0659991677331294
